model,target,criterion,mean,sd,observed_judgments,observed_repetitions,judged_trials,assigned_trials
Opus 5.5,opus-5-5,task_completion,0.5769230769230769,0.05087983290508827,156,3,156,156
Opus 5.5,opus-5-5,data_retrieval_accuracy,0.9615384615384616,0.019230769230769218,156,3,156,156
Opus 5.5,opus-5-5,generalized_result_verification,0.6858974358974359,0.06753624200546626,156,3,156,156
GPT-6 Astra,gpt-6-astra,task_completion,0.5448717948717948,0.029375485224075855,156,3,156,156
GPT-6 Astra,gpt-6-astra,data_retrieval_accuracy,0.9038461538461539,0.0,156,3,156,156
GPT-6 Astra,gpt-6-astra,generalized_result_verification,0.6282051282051282,0.044411559168432785,156,3,156,156
GLM 5.3 (low),glm-5-3-low,task_completion,0.5806938159879337,0.058060811104820184,155,3,155,156
GLM 5.3 (low),glm-5-3-low,data_retrieval_accuracy,0.9356460532931121,0.04419546406593051,155,3,155,156
GLM 5.3 (low),glm-5-3-low,generalized_result_verification,0.5548014077425842,0.09628413180652068,155,3,155,156
GPT-6.1 Sol,gpt-6-1-sol,task_completion,0.5192307692307693,0.019230769230769218,156,3,156,156
GPT-6.1 Sol,gpt-6-1-sol,data_retrieval_accuracy,0.9615384615384616,0.019230769230769218,156,3,156,156
GPT-6.1 Sol,gpt-6-1-sol,generalized_result_verification,0.5961538461538461,0.019230769230769273,156,3,156,156
Fable 5.1,fable-5-1,task_completion,0.6474358974358975,0.0777202285447573,156,3,156,156
Fable 5.1,fable-5-1,data_retrieval_accuracy,0.9935897435897436,0.011102889792108212,156,3,156,156
Fable 5.1,fable-5-1,generalized_result_verification,0.7628205128205128,0.029375485224075914,156,3,156,156
