cluster,failure mode,title,description
4,Lack of Conditional Task Handling,Lack of Conditional Task Handling,"The system failed to conditionally handle the absence of work orders, continuing with subsequent steps that were based on non-existent data."
4,Lack of Conditional Task Handling,Lack of Conditional Task Handling,"The system failed to conditionally handle the absence of work orders, continuing with subsequent steps that were based on non-existent data."
3,Lack of Final Answer,Lack of Final Answer,"The trace ends without providing a final answer to the task, indicating a failure to complete the task as required."
2,Inconsistent Output,Inconsistent Output,"The final output contains an equipment ID different from the one requested, indicating a potential inconsistency in the processing or formatting of the results."
1,Inconsistent Data Handling,Inconsistent Data Handling,The system proceeded with analysis and reporting steps despite the initial step indicating no work orders were found for the requested equipment.
2,Inconsistent Output,Inconsistent Output,"The final output contains an equipment ID different from the one requested, indicating a potential inconsistency in the processing or formatting of the results."
3,Lack of Final Answer,Missing Final Answer,"The trace ends without providing a final answer, leaving the task incomplete."
5,Redundant Information Retrieval,Redundant Information Retrieval,"The trace shows repeated retrieval of the same information without adding new value, indicating a potential inefficiency in information retrieval."
1,Inconsistent Data Handling,Inconsistent Data Handling,The system proceeded with analysis and reporting steps despite the initial step indicating no work orders were found for the requested equipment.
5,Redundant Information Retrieval,Redundant Information Retrieval,"The trace shows repeated retrieval of the same information without adding new value, indicating a potential inefficiency in information retrieval."
3,Lack of Final Answer,Lack of Final Answer,"The trace ends without providing a final answer to the task, indicating a failure to complete the task as required."
0,Redundant Verification Steps,Redundant Verification Steps,"The trace shows repeated verification steps that yield the same result, indicating redundancy in the verification process."
5,Redundant Information Retrieval,Redundant Information Retrieval,"The trace shows repeated retrieval of the same information without adding new value, indicating a potential inefficiency in information retrieval."
4,Lack of Conditional Task Handling,Lack of Conditional Task Handling,"The system failed to conditionally handle the absence of work orders, continuing with subsequent steps that were based on non-existent data."
4,Lack of Conditional Task Handling,Lack of Conditional Task Handling,"The system failed to conditionally handle the absence of work orders, continuing with subsequent steps that were based on non-existent data."
3,Lack of Final Answer,Lack of Final Answer,"The trace ends without providing a final answer to the task, indicating a failure to complete the task as required."
5,Redundant Information Retrieval,Redundant Information Retrieval,"The trace shows repeated retrieval of the same information without adding new value, indicating a potential inefficiency in information retrieval."
3,Lack of Final Answer,Lack of Final Answer,"The trace ends without providing a final answer to the task, indicating a failure to complete the task as required."
3,Lack of Final Answer,Missing Final Answer,"The trace ends without providing a final answer, leaving the task incomplete."
3,Lack of Final Answer,Missing Final Answer,"The trace ends without providing a final answer, leaving the task incomplete."
5,Redundant Information Retrieval,Redundant Information Retrieval,"The trace shows repeated retrieval of the same information without adding new value, indicating a potential inefficiency in information retrieval."
1,Inconsistent Data Handling,Inconsistent Data Handling,The system proceeded with analysis and reporting steps despite the initial step indicating no work orders were found for the requested equipment.
6,Insufficient Data Handling,Insufficient Data Handling,"The trace indicates that historical sensor data was not available, suggesting a potential failure in data handling or retrieval processes."
0,Redundant Verification Steps,Redundant Verification Steps,"The trace shows repeated verification steps that yield the same result, indicating redundancy in the verification process."
3,Lack of Final Answer,Lack of Final Answer,"The trace ends without providing a final answer to the task, indicating a failure to complete the task as required."
6,Insufficient Data Handling,Insufficient Data Handling,"The trace indicates that historical sensor data was not available, suggesting a potential failure in data handling or retrieval processes."
3,Lack of Final Answer,Lack of Final Answer,"The trace ends without providing a final answer to the task, indicating a failure to complete the task as required."
4,Lack of Conditional Task Handling,Lack of Conditional Task Handling,"The system failed to conditionally handle the absence of work orders, continuing with subsequent steps that were based on non-existent data."
2,Inconsistent Output,Inconsistent Output,"The final output contains an equipment ID different from the one requested, indicating a potential inconsistency in the processing or formatting of the results."
4,Lack of Conditional Task Handling,Lack of Conditional Task Handling,"The system failed to conditionally handle the absence of work orders, continuing with subsequent steps that were based on non-existent data."
3,Lack of Final Answer,Lack of Final Answer,"The trace ends without providing a final answer to the task, indicating a failure to complete the task as required."
6,Insufficient Data Handling,Insufficient Data Handling,"The trace indicates that historical sensor data was not available, suggesting a potential failure in data handling or retrieval processes."
3,Lack of Final Answer,Lack of Final Answer,"The trace ends without providing a final answer to the task, indicating a failure to complete the task as required."
6,Insufficient Data Handling,Insufficient Data Handling,"The trace indicates that historical sensor data was not available, suggesting a potential failure in data handling or retrieval processes."
1,Inconsistent Data Handling,Inconsistent Data Handling,The system proceeded with analysis and reporting steps despite the initial step indicating no work orders were found for the requested equipment.
2,Inconsistent Output,Inconsistent Output,"The final output contains an equipment ID different from the one requested, indicating a potential inconsistency in the processing or formatting of the results."
1,Inconsistent Data Handling,Inconsistent Data Handling,The system proceeded with analysis and reporting steps despite the initial step indicating no work orders were found for the requested equipment.
5,Redundant Information Retrieval,Redundant Information Retrieval,"The trace shows repeated retrieval of the same information without adding new value, indicating a potential inefficiency in information retrieval."
3,Lack of Final Answer,Missing Final Answer,"The trace ends without providing a final answer, leaving the task incomplete."
3,Lack of Final Answer,Missing Final Answer,"The trace ends without providing a final answer, leaving the task incomplete."
0,Redundant Verification Steps,Redundant Verification Steps,"The trace shows repeated verification steps that yield the same result, indicating redundancy in the verification process."
3,Lack of Final Answer,Lack of Final Answer,"The trace ends without providing a final answer to the task, indicating a failure to complete the task as required."
5,Redundant Information Retrieval,Redundant Information Retrieval,"The trace shows repeated retrieval of the same information without adding new value, indicating a potential inefficiency in information retrieval."
0,Redundant Verification Steps,Redundant Verification Steps,"The trace shows repeated verification steps that yield the same result, indicating redundancy in the verification process."
1,Inconsistent Data Handling,Inconsistent Data Handling,The system proceeded with analysis and reporting steps despite the initial step indicating no work orders were found for the requested equipment.
3,Lack of Final Answer,Lack of Final Answer,"The trace ends without providing a final answer to the task, indicating a failure to complete the task as required."
3,Lack of Final Answer,Missing Final Answer,"The trace ends without providing a final answer, leaving the task incomplete."
2,Inconsistent Output,Inconsistent Output,"The final output contains an equipment ID different from the one requested, indicating a potential inconsistency in the processing or formatting of the results."
4,Lack of Conditional Task Handling,Lack of Conditional Task Handling,"The system failed to conditionally handle the absence of work orders, continuing with subsequent steps that were based on non-existent data."
2,Inconsistent Output,Inconsistent Output,"The final output contains an equipment ID different from the one requested, indicating a potential inconsistency in the processing or formatting of the results."
0,Redundant Verification Steps,Redundant Verification Steps,"The trace shows repeated verification steps that yield the same result, indicating redundancy in the verification process."
0,Redundant Verification Steps,Redundant Verification Steps,"The trace shows repeated verification steps that yield the same result, indicating redundancy in the verification process."
4,Lack of Conditional Task Handling,Lack of Conditional Task Handling,"The system failed to conditionally handle the absence of work orders, continuing with subsequent steps that were based on non-existent data."
4,Lack of Conditional Task Handling,Lack of Conditional Task Handling,"The system failed to conditionally handle the absence of work orders, continuing with subsequent steps that were based on non-existent data."
6,Insufficient Data Handling,Insufficient Data Handling,"The trace indicates that historical sensor data was not available, suggesting a potential failure in data handling or retrieval processes."
0,Redundant Verification Steps,Redundant Verification Steps,"The trace shows repeated verification steps that yield the same result, indicating redundancy in the verification process."
6,Insufficient Data Handling,Insufficient Data Handling,"The trace indicates that historical sensor data was not available, suggesting a potential failure in data handling or retrieval processes."
1,Inconsistent Data Handling,Inconsistent Data Handling,The system proceeded with analysis and reporting steps despite the initial step indicating no work orders were found for the requested equipment.
5,Redundant Information Retrieval,Redundant Information Retrieval,"The trace shows repeated retrieval of the same information without adding new value, indicating a potential inefficiency in information retrieval."
3,Lack of Final Answer,Missing Final Answer,"The trace ends without providing a final answer, leaving the task incomplete."
0,Redundant Verification Steps,Redundant Verification Steps,"The trace shows repeated verification steps that yield the same result, indicating redundancy in the verification process."
3,Lack of Final Answer,Missing Final Answer,"The trace ends without providing a final answer, leaving the task incomplete."
3,Lack of Final Answer,Missing Final Answer,"The trace ends without providing a final answer, leaving the task incomplete."
0,Redundant Verification Steps,Redundant Verification Steps,"The trace shows repeated verification steps that yield the same result, indicating redundancy in the verification process."
6,Insufficient Data Handling,Insufficient Data Handling,"The trace indicates that historical sensor data was not available, suggesting a potential failure in data handling or retrieval processes."
4,Lack of Conditional Task Handling,Lack of Conditional Task Handling,"The system failed to conditionally handle the absence of work orders, continuing with subsequent steps that were based on non-existent data."
6,Insufficient Data Handling,Insufficient Data Handling,"The trace indicates that historical sensor data was not available, suggesting a potential failure in data handling or retrieval processes."
3,Lack of Final Answer,Missing Final Answer,"The trace ends without providing a final answer, leaving the task incomplete."
2,Inconsistent Output,Inconsistent Output,"The final output contains an equipment ID different from the one requested, indicating a potential inconsistency in the processing or formatting of the results."
5,Redundant Information Retrieval,Redundant Information Retrieval,"The trace shows repeated retrieval of the same information without adding new value, indicating a potential inefficiency in information retrieval."
4,Lack of Conditional Task Handling,Lack of Conditional Task Handling,"The system failed to conditionally handle the absence of work orders, continuing with subsequent steps that were based on non-existent data."
2,Inconsistent Output,Inconsistent Output,"The final output contains an equipment ID different from the one requested, indicating a potential inconsistency in the processing or formatting of the results."
2,Inconsistent Output,Inconsistent Output,"The final output contains an equipment ID different from the one requested, indicating a potential inconsistency in the processing or formatting of the results."
6,Insufficient Data Handling,Insufficient Data Handling,"The trace indicates that historical sensor data was not available, suggesting a potential failure in data handling or retrieval processes."
6,Insufficient Data Handling,Insufficient Data Handling,"The trace indicates that historical sensor data was not available, suggesting a potential failure in data handling or retrieval processes."
0,Redundant Verification Steps,Redundant Verification Steps,"The trace shows repeated verification steps that yield the same result, indicating redundancy in the verification process."
3,Lack of Final Answer,Missing Final Answer,"The trace ends without providing a final answer, leaving the task incomplete."
5,Redundant Information Retrieval,Redundant Information Retrieval,"The trace shows repeated retrieval of the same information without adding new value, indicating a potential inefficiency in information retrieval."
1,Inconsistent Data Handling,Inconsistent Data Handling,The system proceeded with analysis and reporting steps despite the initial step indicating no work orders were found for the requested equipment.
5,Redundant Information Retrieval,Redundant Information Retrieval,"The trace shows repeated retrieval of the same information without adding new value, indicating a potential inefficiency in information retrieval."
1,Inconsistent Data Handling,Inconsistent Data Handling,The system proceeded with analysis and reporting steps despite the initial step indicating no work orders were found for the requested equipment.
1,Inconsistent Data Handling,Inconsistent Data Handling,The system proceeded with analysis and reporting steps despite the initial step indicating no work orders were found for the requested equipment.
2,Inconsistent Output,Inconsistent Output,"The final output contains an equipment ID different from the one requested, indicating a potential inconsistency in the processing or formatting of the results."
2,Inconsistent Output,Inconsistent Output,"The final output contains an equipment ID different from the one requested, indicating a potential inconsistency in the processing or formatting of the results."
3,Lack of Final Answer,Lack of Final Answer,"The trace ends without providing a final answer to the task, indicating a failure to complete the task as required."
0,Redundant Verification Steps,Redundant Verification Steps,"The trace shows repeated verification steps that yield the same result, indicating redundancy in the verification process."
1,Inconsistent Data Handling,Inconsistent Data Handling,The system proceeded with analysis and reporting steps despite the initial step indicating no work orders were found for the requested equipment.
6,Insufficient Data Handling,Insufficient Data Handling,"The trace indicates that historical sensor data was not available, suggesting a potential failure in data handling or retrieval processes."
